<?xml version="1.0" encoding="UTF-8"?>
<project-private xmlns="http://www.netbeans.org/ns/project-private/1">
    <editor-bookmarks xmlns="http://www.netbeans.org/ns/editor-bookmarks/2" lastBookmarkId="0"/>
    <open-files xmlns="http://www.netbeans.org/ns/projectui-open-files/2">
        <group>
            <file>file:/C:/xampp/htdocs/web_3B/application/models/knihy_model.php</file>
            <file>file:/C:/xampp/htdocs/web_3B/application/controllers/Knihy.php</file>
            <file>file:/C:/xampp/htdocs/web_3B/application/config/routes.php</file>
        </group>
    </open-files>
</project-private>
